Amenities,Bedrooms,Bathrooms,Area (m²),Furnished,Level,Ad Type,Type,Payment Option,price,title,location,Compound
"Pets Allowed,Electricity Meter,Landline",3,2,220,,2,For Sale,Apartment,Cash,"1,300,000 EGP",شقة للبيع 200 متر هااى لوكس بسعر لقطة,New Cairo - El Tagamoa,Abu Al-Hool
"Balcony,Electricity Meter,Water Meter,Natural Gas",2,1,110,No,1,For Sale,Apartment,Cash,"600,000 EGPnegotiable",ارخص شقه للبيع جاردنيا 1 بالتجمع الخامس اس...,New Cairo - El Tagamoa,Abu Al-Hool
"Balcony,Pets Allowed,Electricity Meter,Water Meter,Landline",2,2,145,No,2,For Sale,Apartment,Cash,"1,600,000 EGPnegotiable",شقة 145 متر بفيلات الحى الاول منطقة مميزة ...,New Cairo - El Tagamoa,Abu Al-Hool
"Balcony,Covered Parking,Pets Allowed,Electricity Meter,Water Meter,Natural Gas,Landline,Elevator",3,2,160,No,4,For Sale,Apartment,Cash,"1,650,000 EGPnegotiable",شقة 160 م عمارات الحى الثالث بجانب فاطمة ا...,New Cairo - El Tagamoa,Abu Al-Hool
,3,2,220,,Ground,For Sale,Duplex,Cash or Installment,"675,000 EGP",دوبلكس للبيع 220متر في التجمع الخامس,New Cairo - El Tagamoa,Abu Al-Hool
"Balcony,Security,Elevator",3,1,121,No,Ground,For Sale,Apartment,Cash or Installment,"900,000 EGP",كمبوند جاردنيا مدينة نصر طريق السويس اخر ش...,New Capital City,Abu Al-Hool
"Balcony,Covered Parking",3,2,175,No,2,For Sale,Apartment,Cash,"1,050,000 EGP",شقه للبيع بجاردينيا التجمع الخامس,New Cairo - El Tagamoa,Abu Al-Hool
"Balcony,Pets Allowed,Security,Electricity Meter",2,1,110,,1,For Sale,Apartment,Installment,"750,000 EGPnegotiable",شقه بجاردينيا هايتس التجمع الخامس ( استلام...,New Cairo - El Tagamoa,Abu Al-Hool
,2,1,125,No,3,For Sale,Apartment,Cash,800 EGPnegotiable,شقه للبيع بجاردنيا هايتس ١ (التجمع الخامس),New Cairo - El Tagamoa,Abu Al-Hool
"Pets Allowed,Electricity Meter,Landline",3,2,220,,2,For Sale,Apartment,Cash,"1,300,000 EGP",شقة للبيع 200 متر هااى لوكس بسعر لقطة,New Cairo - El Tagamoa,Abu Al-Hool
,3,1,143,No,3,For Sale,Apartment,Cash or Installment,"5,900 EGP",جاردينيا هايتس التجمع الخامس,New Cairo - El Tagamoa,Abu Al-Hool
,2,1,130,No,2,For Sale,Apartment,Cash or Installment,"767,000 EGP",جاردينيا هايتس التجمع الخامس,New Cairo - El Tagamoa,Abu Al-Hool
,3,2,150,,1,For Sale,Apartment,Installment,"900,000 EGP",شقه للبيع في جاردينيا هايتس,New Cairo - El Tagamoa,Abu Al-Hool
,2,1,115,No,3,For Sale,Apartment,Cash or Installment,"850,000 EGP",شقه لقطه تاني نمره من شارع محمد نجيب التجم...,New Cairo - El Tagamoa,Abu Al-Hool
"Balcony,Covered Parking,Pets Allowed,Security,Electricity Meter,Water Meter,Natural Gas,Landline,Elevator",2,2,135,No,1,For Sale,Apartment,Cash,"750,000 EGPnegotiable",شقه للبيع في كمبوند ابو الهول في التجمع ال...,New Cairo - El Tagamoa,Abu Al-Hool
,2,1,120,No,1,For Sale,Apartment,Cash or Installment,"708,000 EGP",راحتك وسعادتك اهم شيء عندنا علشان كدة امتل...,New Cairo - El Tagamoa,Abu Al-Hool
,1,1,200,,4,For Sale,Apartment,Cash or Installment,"600,000 EGPnegotiable",رووف كامل مساحة ٢٠٠ متر فى التجمع الخامس,New Cairo - El Tagamoa,Abu Al-Hool
,2,1,120,,3,For Sale,Apartment,Cash or Installment,"5,900 EGP",جاردينيا هايتس التجمع الخامس,New Cairo - El Tagamoa,Abu Al-Hool
,2,1,90,No,2,For Sale,Apartment,Cash or Installment,"495,000 EGP",جاردينيا هايتس التجمع الخامس,New Cairo - El Tagamoa,Abu Al-Hool
"Balcony,Electricity Meter,Water Meter,Landline",3,3,200,,Ground,For Sale,Apartment,Installment,"1,000,000 EGP",للبيع شقه استلام فوري بتسهيلات بالتجمع الخ...,New Cairo - El Tagamoa,Abu Al-Hool
,2,1,110,,1,For Sale,Apartment,,"640,000 EGPnegotiable",لراغبي التميز، شقة ١١٠ متر في جاردينيا هاي...,New Cairo - El Tagamoa,Abu Al-Hool
,2,1,100,No,3,For Sale,Apartment,Cash,"590,000 EGP",شقة للبيع بالتجمع,New Cairo - El Tagamoa,Abu Al-Hool
,3,3,220,,4,For Sale,Apartment,Cash,"1,000,000 EGP",للبيع شقه سوبر لوكس بالتجمع الخامس,New Cairo - El Tagamoa,Abu Al-Hool
"Balcony,Maids Room,Pets Allowed,Electricity Meter,Water Meter,Natural Gas,Landline,Elevator",2,1,125,No,1,For Sale,Apartment,Cash,"850,000 EGP",شقه متشطبه وبسعر لقطه في التجمع,Nasr City,Abu Al-Hool
Balcony,2,1,95,No,3,For Sale,Apartment,Cash,"400,000 EGP",لفترره محدووده شقه 95 م بااقل سعر بالتجمع ...,New Cairo - El Tagamoa,Abu Al-Hool
Balcony,3,1,135,No,2,For Sale,Apartment,Installment,"300,000 EGP","لفترة محدوده شقه 135م ""اماميه عالوجهه"" بمق...",New Cairo - El Tagamoa,Abu Al-Hool
,4,2,225,No,3,For Sale,Apartment,Cash,"1,150,000 EGP",فرصة لظروف خاصة,New Cairo - El Tagamoa,Abu Al-Hool
Electricity Meter,2,1,115,No,2,For Sale,Apartment,Cash or Installment,"650,000 EGPnegotiable",جاردينيا1 التجمع الخامس,New Cairo - El Tagamoa,Abu Al-Hool
"Balcony,Pets Allowed,Private Garden,Security,Pool,Electricity Meter,Water Meter,Natural Gas,Landline,Elevator",1,1,93,No,Ground,For Sale,Apartment,Cash or Installment,"1,950,000 EGP",شقه ارضى للبيع لقطه فى كمبوند ريجينتس بارك...,New Cairo - El Tagamoa,Abu Al-Hool
"Balcony,Electricity Meter,Water Meter,Natural Gas",3,2,210,No,2,For Sale,Apartment,Cash or Installment,"1,200,000 EGP",شقة في جاردينيا هايتيس 3 التجمع الخامس الد...,New Cairo - El Tagamoa,Abu Al-Hool
"Balcony,Electricity Meter,Water Meter,Landline,Elevator",3,2,220,,2,For Sale,Apartment,Installment,"1,350,000 EGPnegotiable",للبيع شقة استلام فوري بتسهيلات بالتجمع الخ...,New Cairo - El Tagamoa,Abu Al-Hool
,3,2,170,,1,For Sale,Apartment,Installment,"5,900 EGP",جاردينيا هايتس التجمع الخامس شقه بسعر مغرى...,New Cairo - El Tagamoa,Abu Al-Hool
,3,1,143,,1,For Sale,Apartment,Installment,"843,700 EGP",اختار صح واسكن في اميز مكان في جاردينيا ها...,New Cairo - El Tagamoa,Abu Al-Hool
,3,3,210,No,2,For Sale,Apartment,Cash,"1,170,000 EGP",شقة في ابو الهول ٣ _ جاردنيا هايتس التجمع ...,New Cairo - El Tagamoa,Abu Al-Hool
,2,2,200,No,4,For Sale,Apartment,Cash or Installment,"450,000 EGP",للبيع روف 200م بالتجمع الخامس,New Cairo - El Tagamoa,Abu Al-Hool
"Private Garden,Pets Allowed,Electricity Meter,Water Meter",5,3,360,No,Ground,For Sale,Duplex,Cash,"1,400,000 EGP",دوبلكس بالتجمع الخامس جاردينيا 1 بسعر لقطة,New Cairo - El Tagamoa,Abu Al-Hool
,3,1,120,,1,For Sale,Apartment,Cash,"650,000 EGP",شقه 120م جاردينيا اكبر مساحه 3نوم،2ريسيبشن,New Cairo - El Tagamoa,Abu Al-Hool
,2,1,115,,1,For Sale,Apartment,,"650,000 EGP",جاردينيا هايتس 115 م دور اول تلات نواصي ال...,New Cairo - El Tagamoa,Abu Al-Hool
,1,1,70,,2,For Sale,Studio,,"430,000 EGP",استوديو للبيع التجمع الخامس منطقه جاردينيا...,New Cairo - El Tagamoa,Abu Al-Hool
"Balcony,Electricity Meter,Natural Gas",2,2,115,No,1,For Sale,Apartment,Cash or Installment,"700,000 EGP",شقه للبيع في منطقه مميزه في التجمع الخامس,New Cairo - El Tagamoa,Abu Al-Hool
"Balcony,Built in Kitchen Appliances",2,2,120,,1,For Sale,Apartment,Cash,"540,000 EGP",ب 540 الف تقدر تسكن في التجمع الخامس,New Cairo - El Tagamoa,Abu Al-Hool
,3,2,230,,2,For Sale,Apartment,,"1,150,000 EGPnegotiable",شقة 230متر استلام فوري بالتجمع الخامس,New Cairo - El Tagamoa,Abu Al-Hool
,3,2,170,No,2,For Sale,Apartment,Cash or Installment,"5,950 EGP",جاردينيا هايتس التجمع الخامس عاين بنفسك عل...,New Cairo - El Tagamoa,Abu Al-Hool
,3,2,137,No,Ground,For Sale,Apartment,Cash,"1,650,000 EGP",شقة للبيع 137م صافي في كمبوند زيزينيا بجوا...,New Cairo - El Tagamoa,Abu Al-Hool
,2,1,120,,1,For Sale,Apartment,Installment,"6,050 EGP",جاردينيا هايتس التجمع الخامس ارسم حياتك اا...,New Cairo - El Tagamoa,Abu Al-Hool
,2,1,90,,1,For Sale,Apartment,Installment,"495,000 EGP",جاردينيا هايتس التجمع الخامس شقه بسعر مغرى...,New Cairo - El Tagamoa,Abu Al-Hool
,2,2,125,No,1,For Sale,Apartment,Cash,"950,000 EGPnegotiable",شقه للبيع في جاردينيا 1 التجمع الخامس,New Cairo - El Tagamoa,Abu Al-Hool
"Pets Allowed,Electricity Meter,Landline",3,2,220,,2,For Sale,Apartment,Cash,"1,300,000 EGP",شقة للبيع 200 متر هااى لوكس بسعر لقطة,New Cairo - El Tagamoa,Abu Al-Hool
"Balcony,Electricity Meter,Water Meter,Natural Gas",2,1,110,No,1,For Sale,Apartment,Cash,"600,000 EGPnegotiable",ارخص شقه للبيع جاردنيا 1 بالتجمع الخامس اس...,New Cairo - El Tagamoa,Abu Al-Hool
"Private Garden,Security,Electricity Meter,Water Meter,Natural Gas,Landline,Elevator",3,1,120,No,2,For Sale,Apartment,Cash or Installment,"900,000 EGP",إمتلك شقة استلام فورى بالمرافق و متشطبه بم...,New Cairo - El Tagamoa,Abu Al-Hool
,2,1,110,No,2,For Sale,Apartment,Cash,"550,000 EGPnegotiable",شقة للبيع جاردينيا هايتس التجمع الخامس است...,New Cairo - El Tagamoa,Abu Al-Hool
,2,1,110,No,1,For Sale,Apartment,Cash or Installment,"550,000 EGP",شقة للبيع في التجمع الخامس,New Cairo - El Tagamoa,Abu Al-Hool
,3,2,139,No,Ground,For Sale,Apartment,Cash,"2,000,000 EGP",شقة للبيع في كمبوند جاليريا مون فالي 139م ...,New Cairo - El Tagamoa,Abu Al-Hool
,3,3,230,No,3,For Sale,Penthouse,Cash,"880,000 EGPnegotiable",دوبلكس (بنتهاوس) بجاردينيا هايتس,New Cairo - El Tagamoa,Abu Al-Hool
,3,1,120,,2,For Sale,Apartment,,"900,000 EGP",جاردينيا ستى,Nasr City,Abu Al-Hool
,3,1,120,Yes,3,For Sale,Apartment,Cash or Installment,"900,000 EGP",Gardenia city,Nasr City,Abu Al-Hool
"Balcony,Electricity Meter,Water Meter,Landline",2,1,125,,3,For Sale,Apartment,Cash,"650,000 EGP",شقة 125متر بالتجمع الخامس فيو متميز شارع ر...,New Cairo - El Tagamoa,Abu Al-Hool
"Balcony,Private Garden,Pool,Elevator",3,1,135,No,4,For Sale,Apartment,Cash or Installment,"250,000 EGP",بالتجمع إستلم فورا شقه ١٣٥م بمقدم ٢٥٠ ألف ...,New Cairo - El Tagamoa,Abu Al-Hool
"Balcony,Private Garden,Electricity Meter",3,2,230,No,Ground,For Sale,Duplex,Cash,"950,000 EGP",شقة دوبلكس للبيع استلام فورى بالعداد 230م ...,New Cairo - El Tagamoa,Abu Al-Hool
,3,1,120,No,2,For Sale,Apartment,Cash or Installment,"900,000 EGP",عمارات – ستاند ألون – توين هاوس )كاملة الت...,New Cairo - El Tagamoa,Abu Al-Hool
"Balcony,Private Garden,Security,Covered Parking,Pets Allowed,Pool,Electricity Meter,Water Meter,Natural Gas,Elevator",3,1,120,No,3,For Sale,Apartment,Installment,"900,000 EGP",جاردينا سيتي,New Cairo - El Tagamoa,Abu Al-Hool
,3,2,210,,3,For Sale,Apartment,,"725,000 EGP",شقه للبيع جاردينيا هايتس التجمع الخامس دور...,New Cairo - El Tagamoa,Abu Al-Hool
,3,2,130,No,6,For Sale,Apartment,Cash,"990,000 EGP",شقه للبيع في جاردينيا,New Cairo - El Tagamoa,Abu Al-Hool
,2,1,130,,2,For Sale,Apartment,Cash,"990,000 EGP",شقه للبيع لقطه في جاردينيا 2,New Cairo - El Tagamoa,Abu Al-Hool
"Balcony,Private Garden,Electricity Meter,Water Meter,Natural Gas,Elevator",3,2,190,No,3,For Sale,Apartment,Cash or Installment,"1,080,000 EGP",شقتك استلام فوري في التجمع الخامس جاردنيا ...,New Cairo - El Tagamoa,Abu Al-Hool
,4,3,400,No,3,For Sale,Penthouse,Cash or Installment,"1,950,000 EGPnegotiable",لعشاق البنتاهاوس بحرى فيو مفتوح,New Cairo - El Tagamoa,Abu Al-Hool
,2,1,120,No,1,For Sale,Apartment,Cash or Installment,"6,050 EGP",جاردينيا هايتس التجمع الخامس متفوتش الفرصة...,New Cairo - El Tagamoa,Abu Al-Hool
,2,1,95,No,2,For Sale,Apartment,Cash or Installment,"522,500 EGP",شقة مميزة للبيع مساحة 95 متر في جاردينيا ه...,New Cairo - El Tagamoa,Abu Al-Hool
,3,2,120,No,3,For Sale,Apartment,Cash or Installment,"7,550 EGP",كمبوند جاردينيا سيتي متكامل الخدمات662 فدا...,New Cairo - El Tagamoa,Abu Al-Hool
"Pets Allowed,Electricity Meter,Water Meter,Landline,Elevator",2,1,110,,1,For Sale,Apartment,Installment,"500,000 EGPnegotiable",شقتك فى جاردينيا هايتس 1 ب 500 الف فقط وتس...,New Cairo - El Tagamoa,Abu Al-Hool
,2,2,105,,2,For Sale,Apartment,,"750,000 EGP",شقة للبيع بالتجمع 105 متر دور2 تشطيب كامل ...,New Cairo - El Tagamoa,Abu Al-Hool
"Balcony,Electricity Meter,Water Meter,Landline",2,1,130,No,2,For Sale,Apartment,Cash,"1,000,000 EGPnegotiable",ارخص شقة سوبر لوكس بجاردينيا بالتجمع الخام...,New Cairo - El Tagamoa,Abu Al-Hool
Private Garden,4,3,330,No,Ground,For Sale,Duplex,Cash,"1,200,000 EGPnegotiable",دوبلكس في جاردنيا هايتس ٣ ( ابو الهول ٣ سا...,New Cairo - El Tagamoa,Abu Al-Hool
,3,2,205,,2,For Sale,Apartment,,"2,200,000 EGP",للبيع شقة 205متر كمبوند زيزينيا جوار الجام...,New Cairo - El Tagamoa,Abu Al-Hool
,3,2,160,No,2,For Sale,Apartment,Cash or Installment,"425,000 EGP",شقتين استلام فووورى وبالتقسيط من المالك فى...,New Cairo - El Tagamoa,Abu Al-Hool
,2,1,128,,2,For Sale,Apartment,,"1,250,000 EGP",للبيع شقة بكمبوند سكن جوار ماونتن فيو اكسي...,New Cairo - El Tagamoa,Abu Al-Hool
,3,2,220,No,2,For Sale,Apartment,Cash or Installment,"1,300,000 EGP",شقة للبيع تشطيب سوبر لوكس اول سكن بجاردنيا...,New Cairo - El Tagamoa,Abu Al-Hool
"Balcony,Covered Parking,Pets Allowed,Electricity Meter,Water Meter,Natural Gas,Landline",3,2,180,No,Ground,For Sale,Apartment,Cash or Installment,"1,080,000 EGP",استلام فوري مباشرة بدون وسطاء من الشركة ال...,New Cairo - El Tagamoa,Abu Al-Hool
,2,1,122,No,3,For Sale,Apartment,Cash,"930,000 EGP",شقه لقطه سوبر لوكس فى التجمع الخامس فى جار...,New Cairo - El Tagamoa,Abu Al-Hool
Electricity Meter,2,1,115,No,1,For Sale,Apartment,,"65,000,000 EGPnegotiable",جاردينيا1 التجمع الخامس,New Cairo - El Tagamoa,Abu Al-Hool
,2,1,110,No,1,For Sale,Apartment,Cash,"670,000 EGP",(شقه للبيع فى التجمع الخامس جاردنيا ١(ابو ...,New Cairo - El Tagamoa,Abu Al-Hool
Balcony,2,1,110,,1,For Sale,Apartment,Cash,"525,000 EGP",شقة 110م تسليم فوري في جاردينيا هايتس التج...,New Cairo - El Tagamoa,Abu Al-Hool
,3,3,400,,Ground,For Sale,Duplex,Cash,"2,250,000 EGPnegotiable",دوبلكس روعة فجاردينيا هايتس سوبر لوكس فيو ...,New Cairo - El Tagamoa,Abu Al-Hool
"Balcony,Security,Pets Allowed,Electricity Meter,Elevator",3,2,210,,Ground,For Sale,Apartment,Cash or Installment,"1,350,000 EGP",شقة للبيع بالتجمع الخامس ٢١٠م جاردينيا هاي...,New Cairo - El Tagamoa,Abu Al-Hool
,2,1,125,No,2,For Sale,Apartment,Cash or Installment,"550,000 EGPnegotiable",شقه ف افضل واميز مواقع جاردينيا 1 مساحات م...,New Cairo - El Tagamoa,Abu Al-Hool
"Balcony,Electricity Meter,Water Meter,Landline",2,1,110,,2,For Sale,Apartment,Cash or Installment,"625,000 EGP",للبيع شقه بالتجمع الخامس إستلام فوري بتسهي...,New Cairo - El Tagamoa,Abu Al-Hool
,2,1,120,,2,For Sale,Apartment,Cash,"800,000 EGP",شقه للبيع التجمع الخامس جاردنيا هايتس تشطي...,New Cairo - El Tagamoa,Abu Al-Hool
"Balcony,Security,Pets Allowed,Electricity Meter,Water Meter",2,1,125,No,1,For Sale,Apartment,Cash,"680,000 EGP",شقه متميزه بجاردينيا هايتس بالتجمع الخامس,New Cairo - El Tagamoa,Abu Al-Hool
"Balcony,Maids Room,Pets Allowed,Security,Electricity Meter,Water Meter,Natural Gas,Landline",3,2,200,No,Ground,For Sale,Apartment,Cash or Installment,"950,000 EGP",شقه 200م في جاردينيا هايتس في التجمع الخام...,Nasr City,Abu Al-Hool
,3,2,210,No,Ground,For Sale,Apartment,Cash,"1,400,000 EGP",شقة للبيع في التجمع الخامس,New Cairo - El Tagamoa,Abu Al-Hool
"Balcony,Security,Electricity Meter,Water Meter,Elevator",3,2,230,No,1,For Sale,Apartment,Cash or Installment,"1,150,000 EGPnegotiable",لظروف خاصه شقه بسعر محروق 230م دوركامل بال...,New Cairo - El Tagamoa,Abu Al-Hool
,3,2,156,,Ground,For Sale,Apartment,,"1,650,000 EGP",شقة للبيع بكمبوند صن سيتي جوار جامعة المست...,New Cairo - El Tagamoa,Abu Al-Hool
,3,2,200,,4,For Sale,Apartment,,"1,800,000 EGP",شقة 200متر المستثمرين الجنوبية امام الجامع...,New Cairo - El Tagamoa,Abu Al-Hool
,2,1,125,No,3,For Sale,Apartment,Cash or Installment,"750,000 EGPnegotiable",شقه 125 م التجمع الخامس,New Cairo - El Tagamoa,Abu Al-Hool
"Pets Allowed,Electricity Meter,Landline",3,2,220,,2,For Sale,Apartment,Cash,"1,300,000 EGP",شقة للبيع 200 متر هااى لوكس بسعر لقطة,New Cairo - El Tagamoa,Abu Al-Hool
"Balcony,Electricity Meter,Water Meter,Natural Gas",2,1,110,No,1,For Sale,Apartment,Cash,"600,000 EGPnegotiable",ارخص شقه للبيع جاردنيا 1 بالتجمع الخامس اس...,New Cairo - El Tagamoa,Abu Al-Hool
"Balcony,Private Garden,Security,Covered Parking,Maids Room,Pets Allowed,Electricity Meter",5,5,909,No,Ground,For Sale,Penthouse,Cash,"9,800,000 EGP",التجمع الخامس فيلا خاصه كمباوند كونكورد جا...,New Cairo - El Tagamoa,Abu Al-Hool
,3,2,220,,4,For Sale,Apartment,Cash or Installment,"500,000 EGPnegotiable",رووف مميز بالتجمع الخامس 220متر,New Cairo - El Tagamoa,Abu Al-Hool
,2,2,140,Yes,5,For Sale,Apartment,Cash,"650,000 EGP",شقه للبيع بحدائق الاهرام,New Cairo - El Tagamoa,Abu Al-Hool
,2,2,130,,2,For Sale,Apartment,Installment,"620,000 EGP",شقة بجاردينيا هايتس علي 3 وجهات وحديقة 400...,New Cairo - El Tagamoa,Abu Al-Hool
"Balcony,Electricity Meter,Water Meter,Natural Gas",3,2,110,No,1,For Sale,Apartment,Cash,"600,000 EGP",شقة لقطة,New Cairo - El Tagamoa,Abu Al-Hool
"Elevator,Landline,Natural Gas,Electricity Meter,Security,Balcony",3,3,220,No,3,For Sale,Apartment,Cash,"1,100,000 EGP",التجمع الخامس,New Cairo - El Tagamoa,Abu Al-Hool
"Private Garden,Electricity Meter",3,2,180,No,1,For Sale,Apartment,Cash,"525,000 EGPnegotiable",شقة للبيع بجاردينيا,New Cairo - El Tagamoa,Abu Al-Hool
,2,1,95,No,1,For Sale,Apartment,Cash,"425,000 EGP",شقة 95م تشطيب كامل بسعر400 الف في جاردينيا...,New Cairo - El Tagamoa,Abu Al-Hool
"Balcony,Pets Allowed,Security,Electricity Meter,Water Meter",2,1,100,No,2,For Sale,Apartment,Cash,"1,000 EGP",شقة للبيع في التجمع الخامس,New Cairo - El Tagamoa,Abu Al-Hool
,2,1,120,,3,For Sale,Apartment,,"675,000 EGP",شقة 120متر بالتجمع الخامس فيو مميز,New Cairo - El Tagamoa,Abu Al-Hool
,3,2,230,,2,For Sale,Apartment,,"1,100,000 EGP",شقة 230م بالتجمع الخامس,New Cairo - El Tagamoa,Abu Al-Hool
"Balcony,Private Garden,Electricity Meter,Water Meter,Natural Gas,Elevator",3,2,130,,Ground,For Sale,Apartment,Installment,"1,000,000 EGPnegotiable",شقة فى التجمع الخامس فورى,New Cairo - El Tagamoa,Abu Al-Hool
"Balcony,Covered Parking,Security,Electricity Meter",2,1,125,,3,For Sale,Apartment,Cash or Installment,"750,000 EGPnegotiable",شقه للبيع في التجمع الخامس 125 متر في جارد...,Nasr City,Abu Al-Hool
"Balcony,Covered Parking,Pets Allowed,Private Garden,Electricity Meter",3,2,160,No,Ground,For Sale,Apartment,Cash or Installment,"1,000,000 EGPnegotiable",ارضي بحديقه للبيع في التجمع الخامس 160 متر...,Nasr City,Abu Al-Hool
Balcony,3,1,125,No,2,For Sale,Apartment,Installment,"735,000 EGPnegotiable",لراغبي التميز: شقة للبيع في جاردينيا هايتس...,New Cairo - El Tagamoa,Abu Al-Hool
"Elevator,Electricity Meter,Covered Parking,Balcony,Water Meter",2,2,116,,1,For Sale,Apartment,,"620,000 EGPnegotiable",شقة ١١٦ متر بالتجمع الخامس - جاردينيا ١,New Cairo - El Tagamoa,Abu Al-Hool
"Balcony,Covered Parking,Pets Allowed,Electricity Meter,Water Meter,Natural Gas,Landline",3,2,200,No,1,For Sale,Apartment,Cash or Installment,"1,750,000 EGP",جاردينيا هايتس 1 _ التجمع الخامس _ شقق,New Cairo - El Tagamoa,Abu Al-Hool
"Electricity Meter,Water Meter",3,2,215,No,2,For Sale,Apartment,Cash or Installment,"12,000,000 EGPnegotiable",شقه للبيع التجمع الخامس جاردينيا ( ابو اله...,New Cairo - El Tagamoa,Abu Al-Hool
"Electricity Meter,Water Meter",2,1,115,No,1,For Sale,Apartment,Cash or Installment,"600,000 EGPnegotiable",شقه للبيع التجمع الخامس جاردينيا ( ابو اله...,New Cairo - El Tagamoa,Abu Al-Hool
"Balcony,Pets Allowed,Electricity Meter,Water Meter,Elevator",3,2,200,No,2,For Sale,Apartment,Cash,"1,000,000 EGP",شقه لقطه للبيع بالتجمع الخامس 200مفي جاردي...,New Cairo - El Tagamoa,Abu Al-Hool
Balcony,2,1,115,No,2,For Sale,Apartment,Cash,"790,000 EGPnegotiable",شقه للبيع لقطه بجاردينيا 1 تشطيب سوبر لوكس...,New Cairo - El Tagamoa,Abu Al-Hool
,3,2,170,No,Ground,For Sale,Apartment,Cash or Installment,"855,000 EGP",اشترى شقتك من المالك نفسه وتسليم فوري وبال...,New Cairo - El Tagamoa,Abu Al-Hool
,5,2,300,No,1,For Sale,Duplex,Cash,"1,300,000 EGPnegotiable",دوبلكس في التجمع الخامس,Nasr City,Abu Al-Hool
"Balcony,Electricity Meter,Water Meter,Landline",2,1,120,No,3,For Sale,Apartment,Cash,"560,000 EGP",شقة ١٢٠متر- جاردينيا هايتس ٢ التجمع الخامس,New Cairo - El Tagamoa,Abu Al-Hool
"Balcony,Pets Allowed,Electricity Meter,Water Meter,Landline",3,2,155,No,Ground,For Sale,Apartment,Cash or Installment,"1,300,000 EGP",شقة ١٥٥م +١٥ م ممرخاص للبيع جاردينيا ٣ الت...,New Cairo - El Tagamoa,Abu Al-Hool
,3,1,142,No,Ground,For Sale,Apartment,,"650,000 EGP",شقه دور ارضى ب 650 الف ف التجمع الخامس,New Cairo - El Tagamoa,Abu Al-Hool
"Covered Parking,Water Meter,Natural Gas,Landline,Elevator",3,2,180,,1,For Sale,Apartment,,"2,100,000 EGPnegotiable",شقة الحى الخامس دور اول الترا لوكس فيو جار...,New Cairo - El Tagamoa,Abu Al-Hool
"Balcony,Covered Parking,Pets Allowed,Electricity Meter,Water Meter,Natural Gas,Elevator",4,3,300,No,4,For Sale,Penthouse,Cash,"1,850,000 EGP",فرصة ذهبية ولقطة بنتهاوس 300 متر بعمارات ا...,New Cairo - El Tagamoa,Abu Al-Hool
"Balcony,Electricity Meter,Water Meter",2,1,105,No,3,For Sale,Apartment,Cash,"550,000 EGP",شقه للبيع التجمع الخامس جاردينيا هايتس,New Cairo - El Tagamoa,Abu Al-Hool
,2,1,110,,3,For Sale,Apartment,Cash,"550,000 EGP",شقة امامي لُقطة بالتجمع الخامس,New Cairo - El Tagamoa,Abu Al-Hool
"Balcony,Built in Kitchen Appliances,Covered Parking,Pets Allowed,Private Garden,Electricity Meter,Water Meter,Landline",5,3,400,No,Ground,For Sale,Duplex,Cash,"2,750,000 EGPnegotiable",بسعر لن يتكرر دوبلكس 400 متر بفيلات البنفس...,New Cairo - El Tagamoa,Abu Al-Hool
"Electricity Meter,Water Meter,Elevator",2,1,105,No,3,For Sale,Apartment,Cash,"700,000 EGPnegotiable",للبيع شقه سكنية با جاردينيا هيتس 1 التجمع ...,New Cairo - El Tagamoa,Abu Al-Hool
"Covered Parking,Electricity Meter,Water Meter,Natural Gas,Landline,Elevator",2,2,115,,2,For Sale,Apartment,,"1,150,000 EGPnegotiable",شقة بمنطقة البنفسج التجمع دور تاني باسانسي...,New Cairo - El Tagamoa,Abu Al-Hool
"Covered Parking,Electricity Meter,Water Meter,Natural Gas,Landline,Elevator",3,2,226,,2,For Sale,Apartment,,"2,080,000 EGPnegotiable",شقة 226 متر البنفسج دور تانى اسانسير سوبر ...,New Cairo - El Tagamoa,Abu Al-Hool
"Balcony,Pets Allowed,Security,Electricity Meter,Water Meter,Natural Gas,Landline,Elevator",3,2,185,,1,For Sale,Apartment,,"2,071,000 EGP",شقة للبيع بكمبوند حياتي ريزيدانس بالقرب من...,New Cairo - El Tagamoa,Abu Al-Hool
"Private Garden,Electricity Meter",3,2,200,No,2,For Sale,Apartment,Cash or Installment,"6,250 EGP",شقة للبيع بالتجمع ضبل فيس بحري في جاردينيا...,New Cairo - El Tagamoa,Abu Al-Hool
,3,2,143,No,1,For Sale,Apartment,Cash or Installment,"5,900 EGP",جاردينيا هايتس التجمع الخامس,New Cairo - El Tagamoa,Abu Al-Hool
,3,1,135,No,2,For Sale,Apartment,Cash or Installment,"796,000 EGP",جاردينيا هايتس التجمع الخامس,New Cairo - El Tagamoa,Abu Al-Hool
"Private Garden,Electricity Meter,Water Meter,Landline",3,2,170,No,Ground,For Sale,Apartment,Cash or Installment,"1,000,000 EGPnegotiable",جاردينيا هايتس,New Cairo - El Tagamoa,Abu Al-Hool
"Balcony,Security,Pets Allowed,Electricity Meter,Water Meter,Natural Gas",3,2,173,,1,For Sale,Apartment,Cash or Installment,"1,350,000 EGP",شقه لقطه فى ارقى فيلات الدفاع الوطني 173م ...,New Cairo - El Tagamoa,Abu Al-Hool
"Balcony,Electricity Meter,Water Meter,Natural Gas,Landline",2,1,115,No,3,For Sale,Apartment,Cash or Installment,"550,000 EGP",شقة للبيع بالتجمع الخامس جاردينيا هايتس 11...,New Cairo - El Tagamoa,Abu Al-Hool
"Balcony,Built in Kitchen Appliances,Pets Allowed,Electricity Meter,Water Meter,Natural Gas,Landline",3,3,215,No,2,For Sale,Apartment,Cash,"2,300,000 EGPnegotiable",شقة 215 متر بفيلات الحى الخامس الترا لوكس ...,New Cairo - El Tagamoa,Abu Al-Hool
"Balcony,Covered Parking,Pets Allowed,Private Garden,Electricity Meter,Water Meter,Natural Gas",4,3,350,No,Ground,For Sale,Duplex,Cash,"2,500,000 EGPnegotiable",دوبلكس لقطة 350 متر بجنوب الاكاديمية موقع ...,New Cairo - El Tagamoa,Abu Al-Hool
"Balcony,Pets Allowed,Electricity Meter,Water Meter,Natural Gas,Landline",3,2,180,No,1,For Sale,Apartment,Cash,"2,100,000 EGPnegotiable",شقة 180 متر بالحى الخامس الترا لوكس فيو جا...,New Cairo - El Tagamoa,Abu Al-Hool
"Balcony,Pets Allowed,Electricity Meter,Water Meter,Natural Gas,Landline",3,2,200,No,Ground,For Sale,Apartment,Cash,"1,650,000 EGPnegotiable",ارخص شقة فى فيلات الياسمين 200 متر فيو جار...,New Cairo - El Tagamoa,Abu Al-Hool
"Pets Allowed,Electricity Meter,Landline",3,2,220,,2,For Sale,Apartment,Cash,"1,300,000 EGP",شقة للبيع 200 متر هااى لوكس بسعر لقطة,New Cairo - El Tagamoa,Abu Al-Hool
"Balcony,Electricity Meter,Water Meter,Natural Gas",2,1,110,No,1,For Sale,Apartment,Cash,"600,000 EGPnegotiable",ارخص شقه للبيع جاردنيا 1 بالتجمع الخامس اس...,New Cairo - El Tagamoa,Abu Al-Hool
"Balcony,Built in Kitchen Appliances,Covered Parking,Pets Allowed,Electricity Meter,Water Meter,Natural Gas,Landline,Elevator",3,2,160,No,2,For Sale,Apartment,Cash,"1,650,000 EGPnegotiable",شقة 160 متر بغرب ارابيلا الترا لوكس بسعر م...,New Cairo - El Tagamoa,Abu Al-Hool
"Balcony,Built in Kitchen Appliances,Central A/C & heating,Pets Allowed,Electricity Meter,Water Meter,Natural Gas,Landline",3,2,190,No,Ground,For Sale,Apartment,Cash,"1,950,000 EGPnegotiable",بسعر لقطة شقة 190 متر بفيلات شرق الاكاديمي...,New Cairo - El Tagamoa,Abu Al-Hool
"Balcony,Covered Parking,Pets Allowed,Electricity Meter,Water Meter,Natural Gas,Landline,Elevator",3,3,160,No,3,For Sale,Apartment,Cash,"1,550,000 EGPnegotiable",شقة 160 متر تحميل ممتاز بكمبوند المستشارين...,New Cairo - El Tagamoa,Abu Al-Hool
,2,1,90,No,1,For Sale,Apartment,Cash or Installment,"531,000 EGP",جاردينيا هايتس التجمع الخامس الان لمحبي ال...,New Cairo - El Tagamoa,Abu Al-Hool
,2,1,90,No,1,For Sale,Apartment,Cash or Installment,"495,000 EGP",جاردينيا هايتس التجمع الخامس,New Cairo - El Tagamoa,Abu Al-Hool
,3,2,200,No,3,For Sale,Apartment,Cash or Installment,"1,200,000 EGP",شقة لقطة ف التجمع الخامس جاردينيا,New Cairo - El Tagamoa,Abu Al-Hool
,3,3,235,,Ground,For Sale,Duplex,,"1,950,000 EGP",دوبلكس للبيع بكمبوند زيزينيا التجمع الخامس,New Cairo - El Tagamoa,Abu Al-Hool
,3,2,130,No,2,For Sale,Apartment,Cash or Installment,"780,000 EGP",شقة فى موقع مميز قريبة من المستثمرين فى جا...,Downtown Cairo,Abu Al-Hool
"Balcony,Electricity Meter,Water Meter,Landline,Elevator",3,2,230,No,3,For Sale,Apartment,Cash,"1,050,000 EGP",شقه ٢٣٠ متر دبل فيس بجاردينيا ٢ بأقل سعر م...,New Cairo - El Tagamoa,Abu Al-Hool
"Covered Parking,Electricity Meter,Water Meter,Natural Gas,Elevator",3,3,245,,4,For Sale,Penthouse,,"1,900,000 EGPnegotiable",بنتهاوس بالنرجس عمارات دور رابع مع الرووف ...,New Cairo - El Tagamoa,Abu Al-Hool
,2,1,125,No,1,For Sale,Apartment,Cash,"590,000 EGP",شقة بسعر لقطه واستلام فورى من المالك فى جا...,Downtown Cairo,Abu Al-Hool
"Covered Parking,Pets Allowed,Private Garden,Electricity Meter",3,2,230,No,Ground,For Sale,Duplex,Cash,"950,000 EGPnegotiable",شقة للبيع استلام فورى دوبلكس 230م بالتجمع ...,New Cairo - El Tagamoa,Abu Al-Hool
"Balcony,Electricity Meter,Water Meter,Natural Gas",2,1,110,No,1,For Sale,Apartment,Cash,"600,000 EGPnegotiable",ارخص شقه للبيع جاردنيا 1 بالتجمع الخامس اس...,New Cairo - El Tagamoa,Abu Al-Hool
,2,1,110,No,1,For Sale,Apartment,Installment,"375,000 EGP",شقه للبيع بجاردينيا ٣ بالتجمع الخامس بالتق...,New Cairo - El Tagamoa,Abu Al-Hool
,2,1,90,,1,For Sale,Apartment,Installment,"495,000 EGP",جاردينيا هايتس التجمع الخامس شقه بسعر مغرى...,New Cairo - El Tagamoa,Abu Al-Hool
,3,2,200,No,2,For Sale,Apartment,,"730,000 EGP",جاردينيا هايتس ٣,New Cairo - El Tagamoa,Abu Al-Hool
,2,1,105,,1,For Sale,Apartment,Installment,"5,500 EGP",جاردينيا هايتس التجمع الخامس ارسم حياتك اا...,New Cairo - El Tagamoa,Abu Al-Hool
,2,1,90,,2,For Sale,Apartment,Installment,"495,000 EGP",جاردينيا هايتس التجمع الخامس شقه بسعر مغرى...,New Cairo - El Tagamoa,Abu Al-Hool
Balcony,2,1,120,No,2,For Sale,Apartment,Cash,"570,000 EGP",شقة للبيع,New Cairo - El Tagamoa,Abu Al-Hool
Private Garden,3,3,360,No,Ground,For Sale,Duplex,Cash,"1,600,000 EGP",التجمع الخامس,New Cairo - El Tagamoa,Abu Al-Hool
"Electricity Meter,Water Meter",3,2,160,,3,For Sale,Apartment,Cash or Installment,"1,000,000 EGP",شقه160م في التجمع استلام فوري بمليون علي س...,New Cairo - El Tagamoa,Abu Al-Hool
"Balcony,Built in Kitchen Appliances,Central A/C & heating,Pets Allowed,Security,Electricity Meter,Water Meter,Natural Gas,Landline",3,3,200,No,2,For Sale,Apartment,Cash,"2,650,000 EGPnegotiable",شقة روعة 200 متر بكمبوند النخيل الترا لوكس...,New Cairo - El Tagamoa,Abu Al-Hool
"Balcony,Covered Parking,Pets Allowed,Electricity Meter,Water Meter,Natural Gas,Landline",3,3,190,No,2,For Sale,Apartment,Cash,"1,900,000 EGPnegotiable",ارخص شقة بفيلات النرجس 1 نص تشطيب 190 متر ...,New Cairo - El Tagamoa,Abu Al-Hool
,3,2,200,,2,For Sale,Apartment,Cash or Installment,"1,200,000 EGP",شقة ٢٠٠ متر جاردينيا ٣ التجمع الخامس اول ب...,Nasr City,Abu Al-Hool
"Balcony,Pets Allowed,Elevator",3,2,152,,1,For Sale,Apartment,Installment,"5,900 EGP",شقتك ف النرجس الجديده فيو ميدان جنينه حرف ...,New Cairo - El Tagamoa,Abu Al-Hool
,3,2,215,,2,For Sale,Apartment,,"2,650,000 EGPnegotiable",ارخص شقة في فيلات الحي التاني بحري مالك اص...,New Cairo - El Tagamoa,Abu Al-Hool
"Covered Parking,Electricity Meter,Water Meter,Natural Gas,Landline,Elevator",3,3,185,,3,For Sale,Apartment,,"1,850,000 EGPnegotiable",ارخص شقة بعمارات النرجس فيو جاردن حصة جراج,New Cairo - El Tagamoa,Abu Al-Hool
"Balcony,Security",3,2,127,No,3,For Sale,Apartment,Cash or Installment,"800,000 EGP",شقة للبيع 127م بجاردنيا هايتس 2 التجمع الخ...,New Cairo - El Tagamoa,Abu Al-Hool
"Electricity Meter,Water Meter",3,2,200,No,Ground,For Sale,Apartment,Cash or Installment,"950,000 EGP",شقه لقطه بالتجمع الخامس,New Cairo - El Tagamoa,Abu Al-Hool
,2,1,120,No,1,For Sale,Apartment,Cash or Installment,"5,950 EGP",جاردينيا هايتس التجمع الخامس,New Cairo - El Tagamoa,Abu Al-Hool
,2,1,105,No,2,For Sale,Apartment,Cash or Installment,"577,000 EGP",جاردينيا هايتس التجمع الخامس,New Cairo - El Tagamoa,Abu Al-Hool
"Balcony,Covered Parking,Maids Room,Security,Electricity Meter,Water Meter,Natural Gas",3,3,190,No,1,For Sale,Apartment,Cash or Installment,"1,950,000 EGPnegotiable",شقتين لقطة بالتجمع الاول بفيلات شرق الأكاد...,New Cairo - El Tagamoa,Abu Al-Hool
Private Garden,3,2,260,No,Ground,For Sale,Duplex,Installment,"400,000 EGP",دوبلكس امامي 260م بأأقل مقدم واسهل فترة سد...,New Cairo - El Tagamoa,Abu Al-Hool
Water Meter,3,2,260,No,Ground,For Sale,Duplex,Cash,"850,000 EGPnegotiable",عرض خاص لعشااق الدوبلكس بالتجمع الخامس 260...,New Cairo - El Tagamoa,Abu Al-Hool
Balcony,3,2,195,No,3,For Sale,Apartment,Cash,"1,200,000 EGPnegotiable",شقة للبيع في جاردينيا هايتس التجمع الخامس ...,New Cairo - El Tagamoa,Abu Al-Hool
,2,1,105,No,3,For Sale,Apartment,Cash or Installment,"5,500 EGP",جاردينيا هايتس التجمع الخامس طلبك عندنا,New Cairo - El Tagamoa,Abu Al-Hool
,2,1,90,No,2,For Sale,Apartment,Installment,"495,000 EGP",جاردينيا هايتس التجمع الخامس امتلك شقتك بأ...,New Cairo - El Tagamoa,Abu Al-Hool
,3,1,120,No,2,For Sale,Apartment,Cash or Installment,"5,900 EGP",جاردينيا هايتس التجمع الخامس,New Cairo - El Tagamoa,Abu Al-Hool
,3,2,200,,Ground,For Sale,Apartment,Cash,"1,200,000 EGP",شقه للبيع او الإيجار جاردينيا هايتس ١,New Cairo - El Tagamoa,Abu Al-Hool
Balcony,2,1,110,No,3,For Sale,Apartment,,"560,000 EGP",شقة التجمع الخامس جاردينا 3... 110متر استل...,New Cairo - El Tagamoa,Abu Al-Hool
,2,1,95,No,4,For Sale,Apartment,Cash,"400,000 EGP",شقه 95م بالروف جاردينيا هايتس بالتجمع الخا...,New Cairo - El Tagamoa,Abu Al-Hool
"Balcony,Security,Pets Allowed,Electricity Meter,Water Meter,Natural Gas,Landline,Elevator",2,2,122,,1,For Sale,Apartment,Cash or Installment,"1,025,000 EGP",اسكن فورا ف النرجس عمارات شقه سوبر لوكس بم...,New Cairo - El Tagamoa,Abu Al-Hool
"Balcony,Electricity Meter,Water Meter,Natural Gas,Landline",2,1,118,No,2,For Sale,Apartment,,"600,000 EGP",شقه لقطه اماميه فى جاردينيا 1 ب 600الف است...,New Cairo - El Tagamoa,Abu Al-Hool
"Electricity Meter,Water Meter,Landline,Elevator",3,2,220,,Highest,For Sale,Apartment,Cash or Installment,"500,000 EGPnegotiable",رووف مميز مساحة ٢٢٠م بالأسانسير التجمع الخ...,New Cairo - El Tagamoa,Abu Al-Hool
,3,2,185,,1,For Sale,Apartment,Cash or Installment,"450,000 EGP",شقة دوبليكس ١٨٥م استلام فوري ٤٥٠٠٠٠ جاردين...,New Cairo - El Tagamoa,Abu Al-Hool
"Pets Allowed,Electricity Meter,Landline",3,2,220,,2,For Sale,Apartment,Cash,"1,300,000 EGP",شقة للبيع 200 متر هااى لوكس بسعر لقطة,New Cairo - El Tagamoa,Abu Al-Hool
"Balcony,Electricity Meter,Water Meter,Natural Gas",2,1,110,No,1,For Sale,Apartment,Cash,"600,000 EGPnegotiable",ارخص شقه للبيع جاردنيا 1 بالتجمع الخامس اس...,New Cairo - El Tagamoa,Abu Al-Hool
"Balcony,Private Garden,Security,Covered Parking,Maids Room,Pets Allowed,Electricity Meter,Water Meter,Natural Gas,Landline",5,3,280,,Ground,For Sale,Duplex,Cash or Installment,"1,850,000 EGP",دوبلكس لقطه بسعر شقه فى قلب كمبوند جراند س...,New Cairo - El Tagamoa,Abu Al-Hool
,3,2,220,,1,For Sale,Apartment,Cash,"2,600,000 EGPnegotiable",بأرخص سعر في فيلات الياسمين شقه مساحه 220 ...,New Cairo - El Tagamoa,Abu Al-Hool
"Balcony,Electricity Meter,Water Meter,Landline",3,2,200,No,2,For Sale,Apartment,Cash or Installment,"1,000,000 EGP",شقه للبيع بالتجمع الخامس في جاردينيا هايتس...,New Cairo - El Tagamoa,Abu Al-Hool
,2,1,125,No,1,For Sale,Apartment,Cash,"590,000 EGP",شقة بسعر مميز واستلام فورى من المالك فى جا...,New Cairo - El Tagamoa,Abu Al-Hool
Electricity Meter,4,2,210,No,2,For Sale,Apartment,Cash or Installment,"1,500,000 EGPnegotiable",جاردينيا1 التجمع الخامس,New Cairo - El Tagamoa,Abu Al-Hool
Electricity Meter,2,1,115,No,1,For Sale,Apartment,Cash or Installment,"5,000 EGPnegotiable",جاردينيا1 التجمع الخامس,New Cairo - El Tagamoa,Abu Al-Hool
Private Garden,4,2,260,No,Ground,For Sale,Duplex,Installment,"400,000 EGP",بمقدم 400 الف امتلك دوبلكس امامي 260م بالت...,New Cairo - El Tagamoa,Abu Al-Hool
Water Meter,3,1,143,No,2,For Sale,Apartment,Installment,"360,000 EGPnegotiable",شقه 143م بالتجمع الخامس بمقدم 360 الف,New Cairo - El Tagamoa,Abu Al-Hool
,2,1,90,No,2,For Sale,Apartment,Cash,"500,000 EGP",شقه للبيع في التجمع الخامس,New Cairo - El Tagamoa,Abu Al-Hool
"Balcony,Pets Allowed,Electricity Meter,Water Meter,Landline",3,1,125,No,2,For Sale,Apartment,Cash,"750,000 EGP",شقة لقطة للبيع ٣ غرف بجاردينيا ١ التجمع ال...,New Cairo - El Tagamoa,Abu Al-Hool
,2,1,120,,2,For Sale,Apartment,,"600,000 EGP",شقة 120متر بالتجمع الخامس فيو شارع رئيسي,New Cairo - El Tagamoa,Abu Al-Hool
,2,2,115,,2,For Sale,Apartment,Cash,"6,000 EGP",شقه استلام فوري,New Cairo - El Tagamoa,Abu Al-Hool
"Balcony,Covered Parking,Security,Electricity Meter,Water Meter,Natural Gas,Landline,Elevator",3,2,150,No,2,For Sale,Apartment,,"5,000 EGP",شقه 150 م في حي بيت الوطن بالقاهرة الجديدة,New Cairo - El Tagamoa,Abu Al-Hool
,3,2,200,,2,For Sale,Apartment,,"1,100,000 EGP",شقة بسعر محروق بمواصفات هايلة فى جاردينيا ...,New Cairo - El Tagamoa,Abu Al-Hool
"Balcony,Pets Allowed,Electricity Meter,Water Meter,Natural Gas,Landline",2,2,105,No,1,For Sale,Apartment,Cash or Installment,"525,000 EGP",شقه 105م في جاردينيا هايتس في التجمع,Nasr City,Abu Al-Hool
"Balcony,Covered Parking,Pets Allowed",3,1,130,,Ground,For Sale,Apartment,Installment,"900,000 EGPnegotiable",شقه لقطه 130م فى الاندلس استلام فورى ب900 ...,New Cairo - El Tagamoa,Abu Al-Hool
"Balcony,Security,Covered Parking,Pets Allowed,Electricity Meter,Water Meter,Natural Gas,Landline,Elevator",3,2,175,,1,For Sale,Apartment,Cash or Installment,"1,400,000 EGPnegotiable",شقه لقطه بفيلات الدفاع الوطني بسعر مغرى جد...,New Cairo - El Tagamoa,Abu Al-Hool
"Balcony,Electricity Meter,Water Meter,Natural Gas,Landline",2,1,110,No,2,For Sale,Apartment,Cash or Installment,"525,000 EGP",جاردينيا هايتس التجمع الخامس,New Cairo - El Tagamoa,Abu Al-Hool
,2,1,110,,1,For Sale,Apartment,Installment,"625,000 EGP",شقه للبيع بجاردينيا ٣ بالتجمع الخامس ب 625...,New Cairo - El Tagamoa,Abu Al-Hool
,3,2,145,,1,For Sale,Apartment,,"1,000,000 EGP",للبيع بالتجمع الخامس شقة 145م جاردينيا هاي...,New Cairo - El Tagamoa,Abu Al-Hool
Balcony,3,2,200,No,3,For Sale,Apartment,Cash,"1,700,000 EGP",البنفسج فيلات,New Cairo - El Tagamoa,Abu Al-Hool
,3,1,120,No,2,For Sale,Apartment,Cash,"750,000 EGPnegotiable",دبل فيس غير مجروحه 120متر فى افضل اماكن ال...,New Cairo - El Tagamoa,Abu Al-Hool
"Balcony,Security,Electricity Meter,Water Meter,Natural Gas,Landline",2,1,125,No,2,For Sale,Apartment,Cash,"850,000 EGP",شقه لقطه في التجمع الخامس,New Cairo - El Tagamoa,Abu Al-Hool
,2,1,110,No,2,For Sale,Apartment,Cash,"495,000 EGP",شقة 110م بسعر 495الف بدل من 575 الف في جار...,New Cairo - El Tagamoa,Abu Al-Hool
,2,1,95,No,3,For Sale,Apartment,Installment,"250,000 EGP",بمقدم 250 الف وتسهيلات علي 30 شهر امتلك شق...,New Cairo - El Tagamoa,Abu Al-Hool
"Balcony,Covered Parking,Maids Room,Pets Allowed,Electricity Meter,Water Meter,Natural Gas,Landline,Elevator",3,2,170,No,Ground,For Sale,Apartment,Cash,"800,000 EGP",170م دور ارضي مرتفع استلام فوري,Nasr City,Abu Al-Hool
,3,1,130,No,1,For Sale,Apartment,Cash or Installment,"800,000 EGP",شقة للبيع التجمع الخامس جاردنيا هايتس ١,New Cairo - El Tagamoa,Abu Al-Hool
"Balcony,Pets Allowed,Electricity Meter,Water Meter,Natural Gas",2,1,120,No,1,For Sale,Apartment,Cash,"725,000 EGP",شقة للبيع في جاردينيا 2 التجمع الخامس,New Cairo - El Tagamoa,Abu Al-Hool
"Balcony,Electricity Meter,Water Meter,Natural Gas,Landline,Elevator",3,3,220,,4,For Sale,Apartment,,"1,000,000 EGP",للبيع شقه سوبر لوكس بالتجمع الخامس بالقرب ...,New Cairo - El Tagamoa,Abu Al-Hool
Balcony,3,1,230,No,4,For Sale,Apartment,Cash or Installment,"550,000 EGP",روڤ في جاردينيا هايتس,New Cairo - El Tagamoa,Abu Al-Hool
Electricity Meter,2,2,115,No,1,For Sale,Duplex,Cash or Installment,"1,000 EGPnegotiable",جاردينيا1 التجمع الخامس,New Cairo - El Tagamoa,Abu Al-Hool
Electricity Meter,3,2,210,No,3,For Sale,Apartment,Cash or Installment,"12,000,000 EGPnegotiable",جاردينيا1 التجمع الخامس,New Cairo - El Tagamoa,Abu Al-Hool
"Balcony,Electricity Meter,Water Meter,Natural Gas,Landline",2,1,100,No,2,For Sale,Apartment,Cash or Installment,"495,000 EGP",التجمع الخامس جاردينيا هايتس,New Cairo - El Tagamoa,Abu Al-Hool
Balcony,2,1,90,No,1,For Sale,Apartment,Cash or Installment,"400,000 EGP",شقة 90متر بحرى بسعر التكلفة في جاردينيا ها...,New Cairo - El Tagamoa,Abu Al-Hool
,2,2,120,,1,For Sale,Apartment,Cash,"540,000 EGP",اسكن فورا في شقة 120 م ب 540 الف ب جارديني...,New Cairo - El Tagamoa,Abu Al-Hool
"Balcony,Electricity Meter,Water Meter,Covered Parking",2,1,125,,3,For Sale,Apartment,,"575,000 EGPnegotiable",شقه للبيع التجمع الخامس جاردينيا هايتس,New Cairo - El Tagamoa,Abu Al-Hool
,3,2,125,No,1,For Sale,Apartment,Cash or Installment,"725,000 EGP",شقتك بالتجمع الخامس دبل فيس,New Cairo - El Tagamoa,Abu Al-Hool
"Balcony,Electricity Meter,Water Meter",3,2,165,No,Ground,For Sale,Apartment,Cash,"775,000 EGP",عرض خاص _ شقه 165 م فى جاردينيا هايتس التج...,New Cairo - El Tagamoa,Abu Al-Hool
,2,1,90,No,1,For Sale,Apartment,Installment,"495,000 EGP",جاردينيا هايتس التجمع الخامس شقه بسعر مغرى...,New Cairo - El Tagamoa,Abu Al-Hool
"Balcony,Built in Kitchen Appliances,Central A/C & heating,Security,Electricity Meter,Water Meter,Natural Gas,Landline",3,3,200,No,2,For Sale,Apartment,Cash,"2,850,000 EGP",النرجس فيلات,New Cairo - El Tagamoa,Abu Al-Hool
"Balcony,Built in Kitchen Appliances,Private Garden,Central A/C & heating,Security,Covered Parking,Maids Room,Pets Allowed,Pool,Electricity Meter,Water Meter,Natural Gas,Landline",2,1,115,No,1,For Sale,Apartment,Cash or Installment,"300,000 EGP",استلم فوري موقع ممتاز في التجمع الخامس بمق...,New Cairo - El Tagamoa,Abu Al-Hool
Balcony,3,2,130,No,3,For Sale,Apartment,Cash or Installment,"780,000 EGP",من المالك شقةفى موقع مميز بتطل على فيو حدي...,New Cairo - El Tagamoa,Abu Al-Hool
"Balcony,Electricity Meter,Water Meter",4,3,280,,2,For Sale,Penthouse,Cash or Installment,"1,900,000 EGP",بنتهاوس في فيلات الدفاع الوطنى وجمالها,New Cairo - El Tagamoa,Abu Al-Hool
"Balcony,Security,Covered Parking,Maids Room,Pets Allowed,Electricity Meter,Water Meter,Landline,Elevator",5,4,280,No,2,For Sale,Penthouse,Cash or Installment,"1,900,000 EGP",بنتهاوس بسعر رائع فى ارقى فيلات الدفاع الو...,New Cairo - El Tagamoa,Abu Al-Hool
,3,2,130,,3,For Sale,Apartment,Cash or Installment,"423,000 EGP",شقة استلام نهائى فى يناير ٢٠٢١ من المالك ف...,New Cairo - El Tagamoa,Abu Al-Hool
"Pets Allowed,Electricity Meter,Landline",3,2,220,,2,For Sale,Apartment,Cash,"1,300,000 EGP",شقة للبيع 200 متر هااى لوكس بسعر لقطة,New Cairo - El Tagamoa,Abu Al-Hool
"Balcony,Electricity Meter,Water Meter,Natural Gas",2,1,110,No,1,For Sale,Apartment,Cash,"600,000 EGPnegotiable",ارخص شقه للبيع جاردنيا 1 بالتجمع الخامس اس...,New Cairo - El Tagamoa,Abu Al-Hool
,2,1,120,No,2,For Sale,Apartment,,"700,000 EGP",شقه للبيع في التجمع الخامس في جاردينيا بجو...,New Cairo - El Tagamoa,Abu Al-Hool
,3,2,143,No,1,For Sale,Apartment,Cash or Installment,"5,900 EGP",جاردينيا هايتس التجمع الخامس,New Cairo - El Tagamoa,Abu Al-Hool
,2,1,105,No,2,For Sale,Apartment,Cash or Installment,"577,000 EGP",جاردينيا هايتس التجمع الخامس,New Cairo - El Tagamoa,Abu Al-Hool
"Balcony,Electricity Meter,Water Meter",2,1,120,,2,For Sale,Apartment,Installment,"735,000 EGP",شقتك استلام فوري في التجمع الخامس بقسط شهر...,New Cairo - El Tagamoa,Abu Al-Hool
"Balcony,Electricity Meter",3,3,230,No,2,For Sale,Apartment,Installment,"1,250,000 EGP",شقه 230م بالتقسيط ع 3 سنين فى التجمع الخام...,New Cairo - El Tagamoa,Abu Al-Hool
"Private Garden,Electricity Meter",3,2,200,No,Ground,For Sale,Duplex,Installment,"850,000 EGP",دوبليكس 200م +70 م جاردن فى جاردينيا هايتس...,New Cairo - El Tagamoa,Abu Al-Hool
"Security,Electricity Meter,Water Meter,Natural Gas,Landline,Elevator",3,2,175,No,4,For Sale,Apartment,Cash,"1,570,000 EGP",شقة للبيع بكمبوند مصراوية,New Cairo - El Tagamoa,Abu Al-Hool
"Balcony,Pets Allowed,Electricity Meter,Water Meter,Natural Gas",3,3,220,No,3,For Sale,Apartment,Cash,"1,100,000 EGP",شقة للبيع في جاردينيا 2 بالتجمع الخامس,New Cairo - El Tagamoa,Abu Al-Hool
,4,3,210,No,1,For Sale,Apartment,Cash or Installment,"1,850,000 EGPnegotiable",اررررخص شقه 210م فيلات النرجس فيو حديقه دو...,New Cairo - El Tagamoa,Abu Al-Hool
,2,1,110,,2,For Sale,Apartment,Cash,"450,000 EGP",شقتين لؤطه واستلام فووورى فى جاردينيا التج...,New Cairo - El Tagamoa,Abu Al-Hool
"Balcony,Electricity Meter,Water Meter",4,3,460,No,3,For Sale,Penthouse,Cash or Installment,"1,700,000 EGP",للبيع بنتهاوس 460 متر دبل فيس في جاردينيا ...,New Cairo - El Tagamoa,Abu Al-Hool
"Balcony,Electricity Meter,Water Meter",1,1,230,No,4,For Sale,Studio,Cash or Installment,"550,000 EGP",للبيع روف 230 متر دبل فيس في جاردينيا هايت...,New Cairo - El Tagamoa,Abu Al-Hool
"Balcony,Maids Room,Pets Allowed,Electricity Meter,Water Meter,Natural Gas,Landline",2,2,125,No,1,For Sale,Apartment,Cash,"650,000 EGP",شقه 125م علي فيو جاردن مفتوح في التجمع,Nasr City,Abu Al-Hool
"Balcony,Built in Kitchen Appliances,Electricity Meter,Water Meter",3,3,165,Yes,3,For Sale,Apartment,Cash,"1,900,000 EGP",شقة للبيع في بنت هاوس بكمبوند زيزنيا,New Cairo - El Tagamoa,Abu Al-Hool
Balcony,3,2,170,No,2,For Sale,Apartment,Cash,"860,000 EGP","عرض خاااص شقه 170 م ""اماميه عالواجهه"" بالت...",New Cairo - El Tagamoa,Abu Al-Hool
Water Meter,3,1,135,No,2,For Sale,Apartment,Installment,"400,000 EGPnegotiable",شقه 135م اماميه عالوجهه بالتجمع الخامس بمق...,New Cairo - El Tagamoa,Abu Al-Hool
"Balcony,Built in Kitchen Appliances,Security,Covered Parking,Pets Allowed,Electricity Meter,Water Meter,Natural Gas,Landline,Elevator",2,2,110,,1,For Sale,Apartment,Cash,"1,100,000 EGPnegotiable",اررررخص شقه متشطبه فى النرجس عمارات فيو جا...,New Cairo - El Tagamoa,Abu Al-Hool
"Balcony,Electricity Meter,Water Meter",3,2,230,No,1,For Sale,Apartment,Cash or Installment,"1,150,000 EGP",للبيع شقه 230 متر دبل فيس في جاردينيا هايت...,New Cairo - El Tagamoa,Abu Al-Hool
"Landline,Water Meter,Electricity Meter,Private Garden,Balcony",3,2,165,,Ground,For Sale,Apartment,Cash or Installment,"900,000 EGPnegotiable",شقة 160م بالتجمع الخامس استلام فوري بسعر م...,New Cairo - El Tagamoa,Abu Al-Hool
,3,2,200,No,Ground,For Sale,Apartment,Cash or Installment,"850,000 EGP",دوبلكس 200 متر فيو بحري على جاردن كبيرة,Nasr City,Abu Al-Hool
"Balcony,Built in Kitchen Appliances,Private Garden,Security,Pool,Electricity Meter,Water Meter",3,3,220,No,3,For Sale,Apartment,Cash,"1,300,000 EGPnegotiable",شقه للبيع 220م دور كامل التجمع الخامس كومب...,New Cairo - El Tagamoa,Abu Al-Hool
"Balcony,Covered Parking",3,2,175,No,2,For Sale,Apartment,Cash,"1,050,000 EGP",شقه للبيع بجاردينيا التجمع الخامس,New Cairo - El Tagamoa,Abu Al-Hool
,3,1,143,No,3,For Sale,Apartment,Cash or Installment,"5,900 EGP",جاردينيا هايتس التجمع الخامس,New Cairo - El Tagamoa,Abu Al-Hool
,2,1,130,No,2,For Sale,Apartment,Cash or Installment,"767,000 EGP",جاردينيا هايتس التجمع الخامس,New Cairo - El Tagamoa,Abu Al-Hool
,2,1,115,No,3,For Sale,Apartment,Cash or Installment,"850,000 EGP",شقه لقطه تاني نمره من شارع محمد نجيب التجم...,New Cairo - El Tagamoa,Abu Al-Hool
,2,1,120,No,1,For Sale,Apartment,Cash or Installment,"708,000 EGP",راحتك وسعادتك اهم شيء عندنا علشان كدة امتل...,New Cairo - El Tagamoa,Abu Al-Hool
,2,1,120,,3,For Sale,Apartment,Cash or Installment,"5,900 EGP",جاردينيا هايتس التجمع الخامس,New Cairo - El Tagamoa,Abu Al-Hool
,2,1,90,No,2,For Sale,Apartment,Cash or Installment,"495,000 EGP",جاردينيا هايتس التجمع الخامس,New Cairo - El Tagamoa,Abu Al-Hool
Balcony,2,1,95,No,3,For Sale,Apartment,Cash,"400,000 EGP",لفترره محدووده شقه 95 م بااقل سعر بالتجمع ...,New Cairo - El Tagamoa,Abu Al-Hool
Balcony,3,1,135,No,2,For Sale,Apartment,Installment,"300,000 EGP","لفترة محدوده شقه 135م ""اماميه عالوجهه"" بمق...",New Cairo - El Tagamoa,Abu Al-Hool
Electricity Meter,2,1,115,No,2,For Sale,Apartment,Cash or Installment,"650,000 EGPnegotiable",جاردينيا1 التجمع الخامس,New Cairo - El Tagamoa,Abu Al-Hool
"Balcony,Electricity Meter,Water Meter,Natural Gas",3,2,210,No,2,For Sale,Apartment,Cash or Installment,"1,200,000 EGP",شقة في جاردينيا هايتيس 3 التجمع الخامس الد...,New Cairo - El Tagamoa,Abu Al-Hool
,3,2,170,,1,For Sale,Apartment,Installment,"5,900 EGP",جاردينيا هايتس التجمع الخامس شقه بسعر مغرى...,New Cairo - El Tagamoa,Abu Al-Hool
,3,1,143,,1,For Sale,Apartment,Installment,"843,700 EGP",اختار صح واسكن في اميز مكان في جاردينيا ها...,New Cairo - El Tagamoa,Abu Al-Hool
"Private Garden,Pets Allowed,Electricity Meter,Water Meter",5,3,360,No,Ground,For Sale,Duplex,Cash,"1,400,000 EGP",دوبلكس بالتجمع الخامس جاردينيا 1 بسعر لقطة,New Cairo - El Tagamoa,Abu Al-Hool
,1,1,70,,2,For Sale,Studio,,"430,000 EGP",استوديو للبيع التجمع الخامس منطقه جاردينيا...,New Cairo - El Tagamoa,Abu Al-Hool
"Balcony,Electricity Meter,Natural Gas",2,2,115,No,1,For Sale,Apartment,Cash or Installment,"700,000 EGP",شقه للبيع في منطقه مميزه في التجمع الخامس,New Cairo - El Tagamoa,Abu Al-Hool
"Balcony,Built in Kitchen Appliances",2,2,120,,1,For Sale,Apartment,Cash,"540,000 EGP",ب 540 الف تقدر تسكن في التجمع الخامس,New Cairo - El Tagamoa,Abu Al-Hool
,3,2,170,No,2,For Sale,Apartment,Cash or Installment,"5,950 EGP",جاردينيا هايتس التجمع الخامس عاين بنفسك عل...,New Cairo - El Tagamoa,Abu Al-Hool
,2,1,120,,1,For Sale,Apartment,Installment,"6,050 EGP",جاردينيا هايتس التجمع الخامس ارسم حياتك اا...,New Cairo - El Tagamoa,Abu Al-Hool
,2,1,90,,1,For Sale,Apartment,Installment,"495,000 EGP",جاردينيا هايتس التجمع الخامس شقه بسعر مغرى...,New Cairo - El Tagamoa,Abu Al-Hool
,2,2,125,No,1,For Sale,Apartment,Cash,"950,000 EGPnegotiable",شقه للبيع في جاردينيا 1 التجمع الخامس,New Cairo - El Tagamoa,Abu Al-Hool
,2,1,110,No,2,For Sale,Apartment,Cash,"550,000 EGPnegotiable",شقة للبيع جاردينيا هايتس التجمع الخامس است...,New Cairo - El Tagamoa,Abu Al-Hool
,3,2,210,,3,For Sale,Apartment,,"725,000 EGP",شقه للبيع جاردينيا هايتس التجمع الخامس دور...,New Cairo - El Tagamoa,Abu Al-Hool
,2,1,120,No,1,For Sale,Apartment,Cash or Installment,"6,050 EGP",جاردينيا هايتس التجمع الخامس متفوتش الفرصة...,New Cairo - El Tagamoa,Abu Al-Hool
,2,1,95,No,2,For Sale,Apartment,Cash or Installment,"522,500 EGP",شقة مميزة للبيع مساحة 95 متر في جاردينيا ه...,New Cairo - El Tagamoa,Abu Al-Hool
,3,2,160,No,2,For Sale,Apartment,Cash or Installment,"425,000 EGP",شقتين استلام فووورى وبالتقسيط من المالك فى...,New Cairo - El Tagamoa,Abu Al-Hool
,2,1,122,No,3,For Sale,Apartment,Cash,"930,000 EGP",شقه لقطه سوبر لوكس فى التجمع الخامس فى جار...,New Cairo - El Tagamoa,Abu Al-Hool
Electricity Meter,2,1,115,No,1,For Sale,Apartment,,"65,000,000 EGPnegotiable",جاردينيا1 التجمع الخامس,New Cairo - El Tagamoa,Abu Al-Hool
,2,1,110,No,1,For Sale,Apartment,Cash,"670,000 EGP",(شقه للبيع فى التجمع الخامس جاردنيا ١(ابو ...,New Cairo - El Tagamoa,Abu Al-Hool
Balcony,2,1,110,,1,For Sale,Apartment,Cash,"525,000 EGP",شقة 110م تسليم فوري في جاردينيا هايتس التج...,New Cairo - El Tagamoa,Abu Al-Hool
"Balcony,Security,Pets Allowed,Electricity Meter,Elevator",3,2,210,,Ground,For Sale,Apartment,Cash or Installment,"1,350,000 EGP",شقة للبيع بالتجمع الخامس ٢١٠م جاردينيا هاي...,New Cairo - El Tagamoa,Abu Al-Hool
"Balcony,Security,Pets Allowed,Electricity Meter,Water Meter",2,1,125,No,1,For Sale,Apartment,Cash,"680,000 EGP",شقه متميزه بجاردينيا هايتس بالتجمع الخامس,New Cairo - El Tagamoa,Abu Al-Hool
"Balcony,Maids Room,Pets Allowed,Security,Electricity Meter,Water Meter,Natural Gas,Landline",3,2,200,No,Ground,For Sale,Apartment,Cash or Installment,"950,000 EGP",شقه 200م في جاردينيا هايتس في التجمع الخام...,Nasr City,Abu Al-Hool
"Balcony,Security,Electricity Meter,Water Meter,Elevator",3,2,230,No,1,For Sale,Apartment,Cash or Installment,"1,150,000 EGPnegotiable",لظروف خاصه شقه بسعر محروق 230م دوركامل بال...,New Cairo - El Tagamoa,Abu Al-Hool
"Balcony,Private Garden,Security,Covered Parking,Maids Room,Pets Allowed,Electricity Meter",5,5,909,No,Ground,For Sale,Penthouse,Cash,"9,800,000 EGP",التجمع الخامس فيلا خاصه كمباوند كونكورد جا...,New Cairo - El Tagamoa,Abu Al-Hool
"Elevator,Landline,Natural Gas,Electricity Meter,Security,Balcony",3,3,220,No,3,For Sale,Apartment,Cash,"1,100,000 EGP",التجمع الخامس,New Cairo - El Tagamoa,Abu Al-Hool
,2,1,95,No,1,For Sale,Apartment,Cash,"425,000 EGP",شقة 95م تشطيب كامل بسعر400 الف في جاردينيا...,New Cairo - El Tagamoa,Abu Al-Hool
"Balcony,Pets Allowed,Security,Electricity Meter,Water Meter",2,1,100,No,2,For Sale,Apartment,Cash,"1,000 EGP",شقة للبيع في التجمع الخامس,New Cairo - El Tagamoa,Abu Al-Hool
"Balcony,Covered Parking,Security,Electricity Meter",2,1,125,,3,For Sale,Apartment,Cash or Installment,"750,000 EGPnegotiable",شقه للبيع في التجمع الخامس 125 متر في جارد...,Nasr City,Abu Al-Hool
"Balcony,Security,Covered Parking,Electricity Meter,Water Meter,Natural Gas,Landline",2,1,100,,5,For Sale,Apartment,Cash,"600,000 EGPnegotiable",فرصة شقة للبيع مدينة نصر - فيو بانوراما بح...,Nasr City,Abu Al-Hool
"Balcony,Pets Allowed,Electricity Meter,Water Meter,Natural Gas,Landline,Elevator",4,3,300,No,4,For Sale,Apartment,Cash,"3,600,000 EGPnegotiable",مصر الجديدة - روكسى - شارع غرناطة,Heliopolis,Abu Al-Hool
"Balcony,Central A/C & heating,Covered Parking,Pets Allowed,Private Garden,Security,Pool,Electricity Meter,Water Meter,Natural Gas,Landline,Elevator",2,2,128,No,Ground,For Sale,Apartment,Cash or Installment,"2,151,490 EGP",شقة للبيع 128م بحديقة خاصة في galleria com...,New Cairo - El Tagamoa,Abu Al-Hool
,3,3,186,,9,For Sale,Apartment,,"2,800,000 EGP",شقة في الكوربة,Heliopolis,Abu Al-Hool
"Balcony,Built in Kitchen Appliances,Central A/C & heating,Security,Electricity Meter,Water Meter,Natural Gas,Landline,Elevator",3,2,170,No,9,For Sale,Apartment,Cash,"570,000 EGP",شقه علي المفتاح والمعينه خير دليل,Dar al-Salaam,Abu Al-Hool
"Built in Kitchen Appliances,Pets Allowed,Security,Pool",1,1,80,No,2,For Sale,Apartment,Cash or Installment,"20,000 EGP",احجز شقتك تشطيب كامل بمشروع سوديك فى زايد ...,New Capital City,Abu Al-Hool
"Balcony,Covered Parking,Security,Pool,Electricity Meter,Water Meter,Elevator",3,3,199,No,3,For Sale,Apartment,Cash,"7,160 EGP",كمبوند هاى سيتى العبور high city تسليم فور...,Obour City,Abu Al-Hool
,3,1,100,No,2,For Sale,Apartment,Cash,"600,000 EGP",شقة للبيع شروق النادي الأهلي,Nasr City,Abu Al-Hool
"Balcony,Pets Allowed,Electricity Meter,Water Meter,Natural Gas,Landline,Elevator",2,2,96,No,2,For Sale,Apartment,Cash or Installment,"1,200,000 EGPnegotiable",للبيع بمدينتي شقه 96م دور متكرر فيو مفتوح ...,Madinaty,Abu Al-Hool
"Balcony,Built in Kitchen Appliances,Private Garden,Central A/C & heating,Security,Covered Parking,Pets Allowed,Electricity Meter,Water Meter,Natural Gas,Landline,Elevator",2,1,130,No,3,For Sale,Apartment,Cash,"7,000 EGP",تشطيب هاي لوكس ١٣٠م مع جراج خاص كمبوند فاي...,Mokattam,Abu Al-Hool
"Electricity Meter,Water Meter,Natural Gas,Landline",2,1,70,No,4,For Sale,Apartment,Cash,"420,000 EGP",شقه في مدينه المستقبل,Shorouk City,Abu Al-Hool
"Balcony,Covered Parking,Electricity Meter",3,2,175,No,2,For Sale,Apartment,Cash,"800,000 EGPnegotiable",شقه للبيع بالحى الرابع الهضبه الوسطى المقط...,Mokattam,Abu Al-Hool
"Balcony,Built in Kitchen Appliances,Security,Pets Allowed,Electricity Meter,Water Meter,Natural Gas,Elevator",3,3,175,No,3,For Sale,Apartment,Cash,"2,300,000 EGP",شقه 175م فيو ايد جاردن بسعر مميز,Madinaty,Abu Al-Hool
"Balcony,Built in Kitchen Appliances,Central A/C & heating,Electricity Meter,Natural Gas,Landline,Elevator",2,2,140,No,3,For Sale,Apartment,Cash,"950,000 EGP",شقة للبيع بالمقطم,Mokattam,Abu Al-Hool
"Balcony,Security,Covered Parking,Pets Allowed",3,2,160,No,1,For Sale,Apartment,Cash or Installment,"500,000 EGP",للبيع بدجلة بالمز 6 اكتوبر,Downtown Cairo,Abu Al-Hool
"Electricity Meter,Water Meter,Natural Gas",2,1,135,No,2,For Sale,Apartment,Cash,"1,500 EGP",عندي 2شق اولا بلكونة وتاني بلكونة علي شارع...,Heliopolis,Abu Al-Hool
,3,3,178,,4,For Sale,Apartment,Cash,"220,000 EGP",شقه للبيع ١٧٨م فيو جاردن B3 بسعرلقطه,Madinaty,Abu Al-Hool
"Balcony,Built in Kitchen Appliances,Private Garden,Central A/C & heating,Security,Covered Parking,Maids Room,Pets Allowed,Electricity Meter,Water Meter,Natural Gas,Landline,Elevator",3,3,270,No,1,For Sale,Apartment,Cash or Installment,"550,000 EGPnegotiable",شقة للبيع 170م بجاردن سوبر لوكس في المراسم...,New Cairo - El Tagamoa,Abu Al-Hool
,2,1,86,,3,For Sale,Apartment,Cash,"335,000 EGPnegotiable",شقة ناصية بصفر قريش مدينة نصر,Nasr City,Abu Al-Hool
"Landline,Elevator",3,2,270,No,7,For Sale,Apartment,Cash or Installment,"1,000,600 EGPnegotiable",شقه للبيع 270 متر بحرى 3 نوم 2 حمام 2 رسيب...,Nasr City,Abu Al-Hool
"Balcony,Covered Parking,Electricity Meter",3,2,175,No,2,For Sale,Apartment,Cash,"800,000 EGPnegotiable",شقه لقطه للبيع بالمقطم الهضبه الوسطي الحي ...,Mokattam,Abu Al-Hool
,2,1,100,No,3,For Sale,Apartment,Cash,"450,000 EGPnegotiable",شقة سوبر لوكس ١٠٠ متر باسكان الشباب بالعبو...,Obour City,Abu Al-Hool
,3,2,180,No,5,For Sale,Apartment,Cash or Installment,"8,800 EGP",شقه 180م بالشطرالعاشر بالمعادي استلام فوري...,Maadi,Abu Al-Hool
Balcony,3,2,135,No,5,For Sale,Apartment,Cash or Installment,"1,040,000 EGP",شقه 135م فيو حديقه باراقى مناطق التقسيم ال...,Zahraa Al Maadi,Abu Al-Hool
"Balcony,Covered Parking,Maids Room,Pets Allowed,Pool,Electricity Meter,Water Meter,Natural Gas,Landline,Elevator",3,3,200,,3,For Sale,Apartment,Cash,"1,541,000 EGP",شقة200م ف العاصمة بخصم يصل10%سداد على10سني...,New Capital City,Abu Al-Hool
,3,2,140,No,5,For Sale,Apartment,Cash or Installment,"1,150,000 EGP",شقه بحري في الشطر العاشر زهراء المعادي است...,Zahraa Al Maadi,Abu Al-Hool
Elevator,3,1,140,No,10,For Sale,Apartment,Cash,"850,000 EGPnegotiable",شقة للبيع بالمعادي,Maadi,Abu Al-Hool
"Covered Parking,Pets Allowed,Security,Electricity Meter,Water Meter,Natural Gas",2,1,95,No,1,For Sale,Apartment,Cash or Installment,"1,200,000 EGP",شقه لقطه للبيع رحاب 1 مرحله تالته flat a s...,Rehab City,Abu Al-Hool
,3,2,150,No,5,For Sale,Apartment,Cash or Installment,"1,320,000 EGPnegotiable",150م واجهه بالكامل في زهراء المعادي الشطر ...,Zahraa Al Maadi,Abu Al-Hool
,2,2,110,No,6,For Sale,Apartment,Cash or Installment,"800,000 EGP",شقه 110م فيو حديقه باراقى مناطق التقسيم ال...,Zahraa Al Maadi,Abu Al-Hool
Balcony,3,2,157,No,4,For Sale,Apartment,Cash or Installment,"390,000 EGP",شقه157م واجهه اماميه باراقى مناطق التقسيم ...,Zahraa Al Maadi,Abu Al-Hool
"Covered Parking,Pets Allowed",3,2,250,,2,For Sale,Apartment,,"2,005,000 EGP",شقه للبيع,New Cairo - El Tagamoa,Abu Al-Hool
,3,1,90,,5,For Sale,Apartment,Cash,"550,000 EGP",شقه لسرعه البيع,Shubra,Abu Al-Hool
"Built in Kitchen Appliances,Electricity Meter,Water Meter,Elevator",3,2,160,No,8,For Sale,Apartment,Cash,"600,000 EGP",شقه للبيع,Ain Shams,Abu Al-Hool
"Balcony,Covered Parking,Electricity Meter",3,2,175,No,2,For Sale,Apartment,Cash,"800,000 EGPnegotiable",شقه للبيع بالمقطم- عمارات خان الخليلى - ال...,Mokattam,Abu Al-Hool
"Balcony,Security,Natural Gas,Elevator",2,2,96,,5,For Sale,Apartment,,"1,200,000 EGP",96م شقة في مدينتي في المرحلة السابعة,Madinaty,Abu Al-Hool
"Balcony,Electricity Meter,Elevator",2,1,"1,555",No,7,For Sale,Apartment,Cash,"650,000 EGPnegotiable",شقة للبيع في ارقي احياء النزهةالجديدةطه حس...,New Nozha,Abu Al-Hool
"Balcony,Electricity Meter,Water Meter,Elevator",3,2,170,No,4,For Sale,Duplex,Cash,"1,200,000 EGP",دوبليكس للبيع,Katameya,Abu Al-Hool
"Balcony,Security,Electricity Meter,Natural Gas,Elevator",3,2,275,No,2,For Sale,Apartment,Cash,"2,300,000 EGP",شقة للبيع فى عمار ابن ياسر,Heliopolis,Abu Al-Hool
Covered Parking,1,1,420,No,Ground,For Sale,Apartment,Cash,"650,000 EGP",Ahmed hassan,Zahraa Al Maadi,Abu Al-Hool
,3,2,150,,7,For Sale,Apartment,,"1,850,000 EGP",من المالك مباشره ..شقه ارض الجولف,Heliopolis,Abu Al-Hool
"Private Garden,Central A/C & heating,Security,Covered Parking,Maids Room,Electricity Meter,Water Meter,Natural Gas,Landline",3,1,115,No,5,For Sale,Apartment,Installment,"230,000 EGP",شقه سكن مصر دور اخير,New Cairo - El Tagamoa,Abu Al-Hool
"Balcony,Security,Elevator",3,3,175,No,4,For Sale,Apartment,Cash,"2,250,000 EGP",فرصه شقه للبيع م 175م فيو لن يتكرر لسرعه ا...,Madinaty,Abu Al-Hool
"Balcony,Security,Elevator",3,1,121,No,Ground,For Sale,Apartment,Cash or Installment,"900,000 EGP",كمبوند جاردنيا مدينة نصر طريق السويس اخر ش...,New Capital City,Abu Al-Hool
"Balcony,Electricity Meter,Natural Gas,Landline,Elevator",3,1,120,No,7,For Sale,Apartment,,"640,000 EGP",شقه بالنعام على الواجهة 120متر,Ain Shams,Abu Al-Hool
,2,1,150,,7,For Sale,Apartment,,"710,000 EGPnegotiable",شقه للبيع,Maadi,Abu Al-Hool
,2,1,95,No,7,For Sale,Apartment,Cash or Installment,"300,000 EGPnegotiable",شقه للبيع,Ezbet El Nakhl,Abu Al-Hool
"Balcony,Maids Room,Pets Allowed,Security,Electricity Meter,Water Meter,Natural Gas,Landline,Elevator",3,3,162,No,5,For Sale,Apartment,Cash,"2,250,000 EGPnegotiable",شقه 162 متر للبيع بمدينه الرحاب الثامنه,Rehab City,Abu Al-Hool
"Balcony,Covered Parking,Maids Room,Security,Electricity Meter,Water Meter,Natural Gas,Landline,Elevator",2,2,96,No,5,For Sale,Apartment,Cash,"1,300,000 EGPnegotiable",بسعر مغرى للبيع بارقى مراحل مدينتىb7 شقه 9...,Madinaty,Abu Al-Hool
"Balcony,Covered Parking,Electricity Meter,Water Meter,Natural Gas,Landline,Elevator",3,3,160,No,2,For Sale,Apartment,Installment,"1,264,000 EGP",امتلك وحدتك فى النرجس الجديدة بالتجمع الخا...,New Cairo - El Tagamoa,Abu Al-Hool
"Balcony,Covered Parking,Pets Allowed,Security,Electricity Meter,Water Meter,Natural Gas,Landline,Elevator",3,3,164,No,2,For Sale,Apartment,Cash or Installment,"2,322,931 EGP",Pay 10%DP and own Your apartment in Sarai ...,New Cairo - El Tagamoa,Abu Al-Hool
"Balcony,Covered Parking,Maids Room,Pets Allowed,Private Garden,Security,Elevator",3,3,177,No,Ground,For Sale,Apartment,Installment,"4,307,404 EGP",#7 للبيع شقه 177م ارضي بحديقه في sky condo...,New Cairo - El Tagamoa,Abu Al-Hool
"Balcony,Covered Parking,Pets Allowed,Private Garden,Security,Pool,Water Meter,Natural Gas,Landline,Elevator",1,1,68,No,3,For Sale,Studio,Installment,"660,500 EGP",انتهز الفرصة افضل سعر استوديو بالعاصمة الا...,New Capital City,Abu Al-Hool
